JavaScript	2726
Git	2580
SQL	1788
CSS	1445
HTML	1409
Java	1400
PHP	1389
ООП	1321
MySQL	1271
1С программирование	1210
Linux	1019
C#	994
PostgreSQL	981
HTML5	882
jQuery	871
1С: Предприятие 8	835
Python	811
MS SQL	731
C++	687
CSS3	652
1С: Бухгалтерия	539
1С: Зарплата и управление персоналом	513
Node.js	501
Английский язык	486
1С-Битрикс	472
Spring Framework	466
1С: Управление Торговлей	447
.NET Framework	442
AngularJS	437
React	430
Android	409
ASP.NET	385
1С: Документооборот	364
PHP5	359
iOS	331
MS SQL Server	329
XML	321
Ajax	319
C/C++	317
REST	301
1С: Управление Производственным Предприятием	295
MVC	286
MongoDB	263
Bootstrap	256
Работа в команде	231
Yii	230
Разработка ПО	228
Django Framework	226
Hibernate ORM	223
ORACLE	223
Atlassian Jira	218
1C: Бухгалтерия	211
Oracle Pl/SQL	204
Objective-C	201
Android SDK	201
Kotlin	200
Java SE	198
MS Visual Studio	189
Обновление конфигурации 1С	189
Qt	189
Веб-программирование	186
Scrum	182
TypeScript	181
Redis	179
Docker	178
Java EE	168
Symfony	167
SVN	162
Пользователь ПК	161
Entity Framework	158
Базы данных	154
1С: Комплексная автоматизация	152
ERP-системы на базе 1С	145
Less	140
Laravel	139
Angular	137
Redux	133
Управление проектами	133
CMS Wordpress	130
1С: Торговля	129
СУБД	127
WPF	126
Nginx	123
Swift	123
1С: Розница	123
Transact-SQL	121
Vue.js	120
Sass	119
Unit Testing	118
Разработка технических заданий	118
Unity	116
Delphi	115
Cистемы управления базами данных	112
API	109
Работа с базами данных	108
Agile Project Management	106
Apache Maven	102
NoSQL	102
JSON API	101
Adobe Photoshop	101
Golang	98
Ruby	91
STL	90
Ruby On Rails	89
SOAP	87
TCP/IP	86
ERP	82
ReactJS	80
RabbitMQ	79
Design Patterns	77
WCF	77
PHP7	76
Vue	76
Webpack	76
LINQ	74
Pascal	73
Обучение и развитие	73
Mac Os	71
1С: Производство	68
CRM	68
Информационные технологии	67
1С: Торговля и склад	67
HTTP	67
Ответственность	66
С#	66
1С: Зарплата и кадры	65
SCALA	62
1С: Предприятие	62
react	60
Грамотная речь	59
1С: Управление предприятием	59
Аналитическое мышление	59
Бухгалтерский учет	57
Apache Tomcat	55
AutoCAD	55
Кроссбраузерная верстка	52
Atlassian Confluence	52
Unix	50
SQLite	50
Ориентация на результат	50
Typescript	49
ES6	48
Visual Studio C#	47
TFS	47
Gulp	47
Flask	47
VBA	47
React Native	46
Консультирование	46
Грамотность	45
Bash	45
JUnit	45
Windows Forms	44
Joomla CMS	44
JSP	44
.NET Core	43
ETL	43
Коммуникабельность	42
MATLAB	42
База данных: Oracle	42
Go	41
vue.js	41
MS Visio	40
Java Servlets	39
Teamleading	37
React.js	37
AWS	37
Windows 7	37
ADO.NET	36
Мобильность	36
SPA	35
Работа с большим объемом информации	34
Автоматизация	34
Web Application Development	34
REST API	34
Zend Framework	34
ASP.NET MVC	33
Microsoft Visual Studio	33
CI/CD	33
Схемотехника электронного оборудования	32
1С: Управление персоналом	32
Администрирование	32
MS Access	32
Планирование карьеры	32
Turbo Pascal	31
SCSS	31
vue	31
laravel	31
JDBC	31
JPA	31
JSON	31
JS	30
АСУ ТП	30
Верстка	30
Системное мышление	30
Креативность	29
Kafka	29
Деловая коммуникация	29
Бизнес-анализ	28
SEO	28
Spring	28
Yii2	28
Jenkins	28
VueJS	28
Компас-3D	27
Автоматизация технологических процессов	27
RxJava	27
ElasticSearch	27
Mercurial	27
UI	27
Agile	26
1C: Зарплата и кадры	26
OpenGL	26
kotlin	26
SQL Server	26
Многозадачность	25
Backend	25
MVVM	25
Game Programming	25
MS Excel	25
Разработка инструкций	25
Perl	25
Ext JS	25
Умение работать в команде	24
Тестирование	24
Kubernetes	24
Software Development	24
SolidWorks	24
Eclipse	24
Управление временем	24
SOLID	24
UML	23
Расчет заработной платы	23
Постановка задач разработчикам	23
redux	23
phpMyAdmin	23
Умение работать в коллективе	23
ESB	23
ABAP	23
Boost	23
1С: Склад	22
1C: Финансы	22
Borland Delphi	22
ORM	22
Memcached	22
Управление командой	22
docker	22
C	22
Bitrix	22
Hibernate	22
MS PowerPoint	22
QML	22
Frontend	22
XML/Xslt	21
ASP.NET Core	21
swift	21
Администрирование сайтов	21
Стрессоустойчивость	21
npm	21
1С: Предприятие: Бухгалтерский Учет	21
GraphQL	21
Создание сайтов	20
Apache HTTP Server	20
JBoss	20
Redmine	20
Администрирование серверов Linux	20
iOS SDK	20
MS Office	19
STM32	19
Elastic	19
Xcode	19
.NET	19
Техническая поддержка	19
TeamCity	19
Битрикс24	19
Разработка нового продукта	19
Big Data	19
Ведение переговоров	19
ARM	19
Настройка ПК	19
Erlang	19
Multithread Programming	19
UX	19
TDD	18
Математическое программирование	18
OpenCV	18
Adobe Illustrator	18
Бюджетирование	18
Ведение документации	17
Olap (online analytical processing)	17
webpack	17
3D Моделирование	17
.Net Core	17
Немецкий язык	17
MS SharePoint	17
Altium Designer	17
Rx	17
Аналитический склад ума	17
Автоматизация производства	16
Целеустремленность	16
Технология производства	16
Developer Express	16
Groovy	16
Анализ данных	16
Бухгалтерская отчетность	16
Terrasoft CRM	16
EJB	16
.net core	16
руководство командой разработчиков	16
программирование	16
Oracle 11G	16
SAP	16
BEM	16
Настройка сетевых подключений	16
golang	16
Hadoop	16
Spark	16
Cassandra	16
1С	16
Magento	15
SCADA	15
Adobe Acrobat	15
Mathcad	15
Контроль качества	15
Intellij IDEA	15
Администрирование сетевого оборудования	15
BPMN	15
Project management	15
Электронный документооборот	15
Ремонт ПК	15
Realm	15
разработка программ дпо	15
дистанционные технологии преподавания	15
разработка программ дополнительного профессионального образования	15
Преподавание	15
Разработка системы оценки профессиональных компетенций	15
Профстандарт	15
Методист-разработчик	15
Разработчик	15
Организаторские способности	15
Эрудированность	15
ФГОС	15
дополнительное профессиональное образование	15
Организаторские навыки	15
Flutter	14
Проектная документация	14
Кадровое делопроизводство	14
Assembler	14
VoIP	14
ClickHouse	14
Gradle	14
Retrofit	14
backend	14
Drupal API	14
Обучение	14
С++	14
Рефакторинг кода	14
Angular 2+	14
QNX	14
WMS	14
Elixir	14
SOA	13
OTT	13
DWH	13
Инженерные системы	13
Системная интеграция	13
Express.js	13
Leadership Skills	13
Business Development	13
MS Visual C++	13
Elasticsearch	13
Windows Os	13
Управленческий учет	13
Spring Boot	13
Jetbrains Phpstorm	13
Backbone	13
Функциональное тестирование	13
PHPUnit	13
Business English	13
Presentation skills	12
САПР	12
Деловая переписка	12
Sales Management	12
MS Dos	12
SWIFT	12
ExtJS	12
Gitlab	12
Analytical skills	12
ЕСКД	12
CorelDRAW	12
Программирование	12
Автоматизация документооборота	12
Автоматизация процессов	12
Оптимизация кода	12
ERP Systems	12
SWIFT Alliance	12
Творческое мышление	12
Спортивные мероприятия	12
php7	12
Celery	11
Чтение чертежей	11
Lua	11
SAP ERP	11
Математическое моделирование	11
MariaDB	11
ES5	11
ПЛИС	11
Создание конфигурации 1С	11
Xamarin	11
Databases	11
VR	11
1С: CRM ПРОФ	11
Разработка CMS	11
Java 8	11
1С: Бухгалтерия и склад	11
Настройка ПО	11
Обучение персонала	11
Vuex	11
Серверное программирование	11
VBScript	11
Разработка проектной документации	10
Проектирование	10
WebGL	10
Flash Actionscript	10
Embarcadero Delphi	10
MS Publisher	10
Битрикс	10
Dagger	10
vuejs	10
Автоматизация склада	10
Django	10
Microsoft Access	10
FPGA	10
Negotiation skills	10
angular	10
Проектно-конструкторская деятельность	10
Графические редакторы	10
Статистический анализ	10
Банковское ПО	10
Проектирование пользовательских интерфейсов	10
frontend	10
ReactJs	10
B2B Продажи	10
Sales Skills	10
MS Outlook	10
UIKit	10
Математическая статистика	10
1С: Управление холдингом	10
Codeigniter	9
MS Visual Basic	9
MS Paint	9
react.js	9
Unix Shell Scripts	9
Data Mining	9
Математический анализ	9
vuex	9
Точность и внимательность к деталям	9
Jira	9
Tableau	9
Активные продажи	9
JSF	9
PL/SQL	9
Оптимизация бизнес-процессов	9
Bitrix24	9
Java Core	9
Управление разработкой	9
kafka	9
С	9
Первичные документы	9
Проведение тестирований	9
typescript	9
Поиск информации в интернет	9
1С-Рарус	9
SaaS	9
front-end	9
1C	8
Работа с оргтехникой	8
SEO оптимизация	8
Микросервисы	8
Контроль сроков годности	8
Canvas	8
Microservices	8
Microsoft Dynamics AX	8
толстый клиент	8
BRD	8
Clean Architecture	8
Развитие продаж	8
Debian	8
WebAPI	8
Деловое общение	8
Power BI	8
Team management	8
Akka	8
SSIS	8
Разработчик Java	8
Enterprise	8
MS Project	8
go	8
CentOS	8
СЭД	8
Управленческая отчетность	8
PWA	8
СКД	8
Разработка компьютерных Игр	8
Навыки межличностного общения	8
MS Dynamics CRM	8
Администрирование серверов Windows	8
Навыки презентации	8
MVP	8
CSS (or CSS3)	8
HTML (or HTML5)	8
3D-графика	8
1С УПП	8
1С УХ	8
Аналитические исследования	8
Управление персоналом	7
Телефонные переговоры	7
Dart	7
React native	7
OpenMP	7
P-CAD	7
React JS	7
Работа с людьми	7
Internet	7
react native	7
SIP	7
DirectX	7
RSpec	7
MS Internet Explorer	7
RxJS	7
Ethernet	7
IIS	7
GO	7
Kibana	7
Active Directory	7
Автоматизированное рабочее место (АРМ)	7
PyTorch	7
Business Intelligence Systems	7
Web-дизайн	7
Front-end	7
Drupal	7
микроконтроллеры	7
MFC	7
SSAS	7
Альфа-Авто	7
СУБД Oracle	7
IBSO	7
Firebase	7
Чтение электросхем	7
GCC	7
COM	7
DSP	7
MVI	7
Teambuilding	7
Расчет себестоимости	7
Исполнительность	7
Sphinx	7
Development	7
yii2	7
Express	7
Сборка ПК	7
FirebirdSQL	7
VB	7
Embedded	7
Cognos BI	7
Производственное планирование	7
обучаемость	7
Веб-дизайн	7
Apache Kafka	7
3D	7
Клиентоориентированность	7
AXAPTA	7
Проведение презентаций	7
Управление продажами	7
JVM	7
Net Core	7
E-Commerce	7
MobX	7
WebSocket	7
Blockchain	7
1С: ERP	7
1С ERP	7
1С УТ	7
1С ДО	7
Swing	7
Windows	7
Kernel	6
Chromium Embedded Framework	6
Angular 2	6
Unreal Engine 4	6
Object Pascal/Delphi	6
Умение принимать решения	6
RoR	6
FastReport	6
Oracle BI	6
Компас	6
Oracle DB	6
DDD	6
SQLAlchemy	6
Управление производственным персоналом	6
AllFusion ERwin Data Modeler	6
Станки ЧПУ	6
Unity 3D	6
MS Axapta	6
OTP	6
reactjs	6
Windows Server	6
DevOps	6
Настройка серверов	6
Оптимизация запросов	6
Электронная почта	6
Android Studio	6
Verilog HDL	6
Офисная техника	6
asyncio	6
Asterisk	6
Визуализация	6
Time management	6
SAP BI	6
Angular 6+	6
ECMAScript	6
VIPER	6
Nuxt.js	6
Техническая документация	6
Spring Cloud	6
Тестирование пользовательского интерфейса	6
Unreal Engine	6
PHP 7	6
SCAD	6
Валидная верстка	6
next.js	6
NPM	6
Azure	6
ЦФТ	6
Visual Basic	6
Техническое обслуживание	6
Ubuntu	6
Web API	6
Symfony 4	6
Directum	6
ЦОС	6
PowerShell	6
КИПиА	6
Документальное сопровождение	6
GitLab	6
ML	6
Phoenix	6
Аналитические способности	6
Apache	6
RTOS	6
Мотивация	5
MSSQL	5
Angular 5	5
Пунктуальность	5
Внутренние коммуникации	5
оформление документации	5
Системный подход	5
Unity3D	5
Babel	5
Windows Server 2003	5
Nuxt	5
QlikView	5
POS	5
Асинхронное программирование	5
Первичная бухгалтерская документация	5
Angular 6	5
Xilinx	5
Mobx	5
Z-Wave	5
Ubuntu Server	5
ANSI SQL;	5
Мобильная разработка	5
ES7	5
SVG	5
PostCSS	5
Laravell	5
Figma	5
Управление талантами	5
Solid Works	5
IoT	5
Адаптивная верстка	5
CLR	5
Высокая скорость печати	5
Google Chrome	5
DataDog	5
Graylog	5
SonarQube	5
Adobe Flash	5
Программирование микроконтроллеров	5
GWT	5
VanillaJS	5
LAMP	5
FFmpeg	5
Organization Skills	5
Customer Relationship Management	5
RxSwift	5
Lumen	5
Высоконагруженные системы	5
.NET Core,Javascript	5
OLE	5
Дистанционное обучение	5
Автоматизация процессов управления персоналом	5
Teamplayer	5
Ansible	5
Dagger 2	5
Яндекс.Метрика	5
Внутренний контроль	5
Подбор персонала	5
hadoop	5
Unity3d	5
COM+	5
XSL	5
машинное обучение	5
React.JS	5
WebRTC	5
.net	5
AR	5
JIRA	5
Falcon	5
Vue.JS	5
RESTful API	5
Внимательность	5
RXJava	5
DataBindings	5
WebSocket.	5
Mockito	5
Pandas	5
LabVIEW	5
сетевые технологии	5
CRM системы	5
Системы управления предприятием (ERP)	5
Складское хозяйство	5
NET Core	5
UiPath	5
BPM	5
CMS	5
Пуско-наладочные работы	5
Android NDK	5
MS Dynamics NAV	5
SAP CRM	5
WebPack	5
Расстановка приоритетов	5
Machine Learning	5
GUI	5
Подготовка презентаций	5
PowerApps	5
Sharepoint Online	5
Rest API	5
Способность обучать других	5
React js	5
embedded	5
MyBatis	5
PL+	5
Xsd	4
Unreal	4
1С: Предприятие: Розница	4
web	4
ServiceStack	4
Angular 4	4
Rust	4
Блокчейн	4
Тайм-менеджмент	4
kubernetes	4
java8	4
Обработка изображений	4
опыт WEB-разработки	4
pytest	4
нормативно-техническая документация	4
Back-end	4
Линейное программирование	4
Tornado	4
ES6+	4
Step 7	4
Simatic WinCC flexible	4
Autodesk Revit	4
Умение планировать	4
Codeception	4
PixiJS	4
Win32 Api	4
Camunda BPM	4
1с	4
NET	4
Apache Camel	4
Микроконтроллеры	4
MCU	4
Управление качеством	4
CoffeeScript	4
WIndows Phone	4
Выездное обслуживание	4
JavaEE	4
Поиск и привлечение клиентов	4
Swagger	4
WebSockets	4
opencart	4
Оперативный поиск информации в сети Интернет	4
unreal engine	4
Информационная безопасность	4
Material Design	4
Архитектура VIPER	4
FTP	4
Системный анализ	4
TensorFlow	4
Интернет-реклама	4
Налоговая отчетность	4
.Net	4
CSD	4
Customer Needs Analysis	4
Delivery Management	4
Communication skills	4
Http Server	4
Управление производством	4
Расчет зарплаты	4
Кадровый менеджмент	4
Google Analytics	4
Ведение переписки	4
Холодные продажи	4
MODX	4
IBM Lotus Notes	4
Marketing Analysis	4
Мониторинг рынка	4
Наполнение контентом	4
Шаблоны проектирования	4
Websockets	4
Hypersonic Sql	4
WEB	4
Bitrix framework	4
VMware	4
Access	4
Smarty	4
PostrgeSQL	4
Salesforce	4
FrontEnd	4
DRF	4
CUDA	4
OpenCL	4
Математика	4
SAP Project	4
Гибкость	4
Moxy	4
Руководство коллективом	4
NumPy	4
mobx-state-tree	4
CMake	4
Maven	4
1С ЗУП	4
JMS	4
Concurrency	4
Devops	4
gRPC	4
Machine learning	4
Тренинги	4
PLC	4
Производство пусконаладочных работ	4
Dagger2	4
Средства криптографической защиты информации	4
Анализ рынка	4
GitHub	4
fullstack	4
WF	4
SAP UI5	4
SAP Fiori	4
Jest	4
Материальная ответственность	4
Водительское удостоверение категории B	4
SSRS	4
Highload	4
Verilog	4
SystemVerilog	4
es6	4
Java/Spring MVC	4
Openshift	4
Инициативность	4
Vulkan	4
Data Science	4
адаптивная верстка	4
Apache Spark	4
Multithreading	4
CocoaPods	4
CLI	4
Angular 7	4
NHibernate	4
akka	3
3D Engine	3
AWS Lumberyard	3
Управление отношениями с клиентами	3
микросервисы	3
jetbrains YouTrack	3
Net	3
net.core	3
OrmLite	3
SQL 2017	3
Работоспособность	3
My SAP ERP	3
Deep Learning	3
Github	3
blockchain	3
json	3
aws	3
Дизайн	3
code review	3
Диагностика	3
Key Account Management	3
InfluxDB	3
Asyncio	3
Autodesk 3ds Max	3
web-разработка	3
RS232	3
RS485	3
Vue JS	3
Phaser	3
RPA	3
Cordova	3
Web Design	3
Консультирование клиентов	3
Оценка потребностей клиентов	3
Visual C++	3
BPMS	3
Leaflet	3
JSON-RPC	3
Управляемые формы	3
three.js	3
OLAP кубы	3
CAN	3
grunt	3
SDK	3
Networking	3
Лабораторная работа	3
Sales Planning	3
Разработка	3
Angular7	3
Rails	3
Вычислительная математика	3
highload	3
GoLang	3
Sony Vegas	3
Составление отчетности	3
Алгоритмы	3
MS Navision	3
MQTT	3
Three.js	3
Core Data	3
Настройка DNS	3
Cicerone	3
RxKotlin	3
ATL	3
Es6	3
Стратегическое мышление	3
Планирование	3
Администрирование серверов	3
Sequelize	3
figma	3
YouTrack	3
Битрикс 24	3
VueJs	3
VUE	3
MS Word	3
Интеграция	3
CDN	3
высоконагруженные системы	3
Helpdesk	3
Управление интернет-проектами	3
frontend development	3
ELK	3
amoCRM	3
Кассовые операции	3
Postgres	3
nuxt	3
OpenLayers	3
RTSP	3
Data Analysis	3
Сопровождение клиентов	3
Фронтенд	3
Clickhouse	3
Computer Vision	3
Alamofire	3
VHDL	3
Клиент-серверные приложения	3
English	3
Модульное тестирование	3
математика	3
Shell Scripting	3
Монтаж оборудования	3
C++ 11+	3
pgSQL	3
Автомобильные перевозки	3
Qlik Sense	3
1С: Управление нашей фирмой	3
Оптимизация бизнес процессов	3
Бизнес-планирование	3
Веб-аналитика	3
Tarantool	3
ES2015	3
Организация семинаров	3
Vuejs	3
ЦФТ-Банк	3
Контроль исполнения решений	3
WebForms	3
WPF & C#	3
Banking peripherals	3
Уверенные знания Android SDK, Java	3
Опыт работы с RESTful API	3
Желательно владеть React Native / Node.js	3
Корпоративная этика	3
Производственный контроль	3
GitLab Pipelines	3
JavaScript (ES6)	3
Altera	3
Ведение отчетности	3
Elastic Search	3
Keil	3
Блочная верстка	3
Digital Marketing	3
нейронные сети	3
maven	3
Unigraphics NX	3
aiohttp	3
Конференции	3
ReactNative	3
Restify	3
Socket IO	3
OpenStack	3
ArKit	3
Wordpress	3
DHCP	3
Unigine	3
logistics vision suite	3
vue js	3
Обеспечение жизнедеятельности офиса	3
Bitbucket	3
BackEnd	3
Параллельное программирование	3
System Verilog	3
Vivado HLS	3
Ассемблер	3
SSE	3
Zend	3
Project Expert	3
TPL	3
Code Composer	3
Общение с клиентами	3
cmake	3
основы программирования	3
REACT	3
ГОСТы	3
Zabbix	3
ANSI SQL	3
SciPy	3
scikit_learn	3
Jupyter	3
Matplotlib	3
Spark MLLib	3
Zeppelin	3
Seaborn	3
Dask	3
react js	3
devops	3
PowerBI	3
Маркетинговый анализ	3
DI	3
OpenCart	3
Siemens	3
Oracle Forms	3
Oracle Reports	3
Tomcat	3
Java Spring Framework	3
MS Movie Maker	3
R	3
Angular2+	3
Flash MySQL	3
RESTful	3
Схемотехника	3
Подготовка презентаций на иностранном языке	3
Borland C++	3
Опытный пользователь ПК	3
Торговое оборудование	3
WSO2	3
WebApi	3
АСУ	3
Phalcon	3
HMI	3
1С: Предприятие: Управление строительной организацией	3
Tensorflow	3
AVR	3
QA	3
C/AL	3
Crystal Reports	3
Vanilla.js	3
MS CRM	3
EmberJS	3
3ds Max	3
Flexbox	3
1С: Предприятие 7	3
T-SQL	3
Работа с документами	3
WS	3
force.com	3
Hazelcast	3
Kanban	3
Высокий уровень обучаемости	3
Phyton	3
SSR	3
Умение планировать работу	3
Java8	3
Средства криптографической защиты информации	3
Front end	3
Графика	3
GLSL	3
Ember	3
BigData	3
Amazon	3
Самостоятельность	3
Прогнозирование	3
CAD	3
Framework	3
Коммуникативные навыки	3
ES6/ES7	3
B2B Marketing	3
Rspec	3
Google Cloud	3
Rider	3
ReSharper	3
Язык C	3
ZigBee	3
MQ	3
MyBatis ORM	3
RTL	3
Amazon EC2	2
Google Compute Engine	2
Gnu C++	2
Content Management Systems	2
Secuity Software	2
gerrit	2
Mac Software	2
Customer Service	2
Adobe Premier	2
Elastic Stack	2
ActiveMQ	2
CS-cart	2
Java Applets	2
firebase	2
Google Maps Api	2
k8s	2
Google BigQuery	2
back-end	2
TCP	2
B&R	2
Svelte	2
Sketch	2
XSLT	2
GCD	2
Эксплуатация	2
Нагрузочное тестирование	2
Веб-сервисы	2
axios	2
iSpring	2
T-Flex	2
GDAL	2
Face recognition	2
MR	2
Game development	2
Game	2
HTML5 games	2
PhazerJs	2
XR	2
Construct	2
Составление бизнес-плана	2
пунктуальность	2
Astra Linux	2
Python и его популярные веб-фреймворки	2
Контроль версий	2
Vue js	2
NiFi	2
Grafana	2
NetBeans	2
Gamedev	2
геймдев	2
ПЛК	2
BIM	2
Moodle	2
Cocos2d	2
ROS	2
JAVА	2
tarantool	2
Quartus	2
java script	2
machine learning	2
Консультант плюс	2
VCL	2
Реклама	2
Логистика	2
Sidekiq	2
Подготовка отчетов	2
Product Marketing	2
Организация мероприятий	2
SEO-копирайтинг	2
Game Development	2
Sales Forecasting	2
Консультативные продажи	2
Navision	2
умение работать с программными продуктами Интеграл	2
ITIL	2
VirtualBox	2
Windows 8	2
Cisco	2
S-Market	2
LiteBox	2
Bluetooth	2
Apple HIG	2
Моделирование бизнес процессов	2
Научная деятельность	2
Разработка концепции	2
Solid	2
Element UI	2
Socket.io	2
Химические методы анализа	2
clean-cod	2
Материально-техническое обеспечение	2
Работа с клиентами	2
Программист 1С	2
Mocha	2
Python3.x	2
Tornado Web Framework	2
CouchDB	2
UWP	2
технический английский язык	2
разбираться в чужом коде	2
Штрихкодирование	2
Mobile Development	2
MV	2
Slim	2
Sprockets	2
Cloud66	2
Написание Unit-тестов	2
D3.js	2
Computer Science	2
Программирование контроллеров	2
Modx	2
Test case	2
gitflow	2
.Net core	2
Опыт настройки и программирования ПТК, Windows, протоколов ОРС, Modbus.	2
NgRx	2
Rest-api	2
Doctrine ORM	2
IIoT	2
GSAP	2
Электроника	2
Продвижение бренда	2
Системы охранно-тревожной сигнализации	2
слаботочные системы	2
PLM	2
Ratchet	2
Навыки продаж	2
Заключение договоров	2
rest api	2
XUnit	2
Sas	2
Планирование продаж	2
Настройка почтовых серверов	2
babel	2
Nest.js	2
typeskript	2
expressJs	2
apach ignite	2
Дизайн интерьера	2
D7	2
JAX-RS	2
JAX-WS	2
Internet Marketing	2
Продвижение сайтов	2
эффективность	2
опыт	2
Linux (CentOS, Debian)	2
Atlassian Jira, Confluence, Bitbucket	2
Основные средства	2
Первичная документация	2
knockoutJS	2
mockups	2
программирование, СУБД	2
Scss	2
Videostreaming	2
Windows 10	2
Аналитика	2
The Bat	2
C++11	2
Blazor	2
Azure DevOps Server	2
JTAG	2
Octopus	2
Системы видеонаблюдения	2
Foundation	2
Core Animation	2
Cortex	2
CI\CD	2
computer science	2
Управление эффективностью	2
Разработка регламентов	2
Организация презентаций	2
Facebook API	2
Google API	2
Обучаемость	2
Разработка и внедрение	2
AJAX/CORS	2
Видеомонтаж	2
Продажи через интернет	2
AndEngine	2
METAL API	2
iOS Human Interface Guidelines	2
DBA Oracle	2
Лицензирование	2
Патентование	2
swagger	2
Знание основ бухгалтерии и банковских технологий	2
Опыт работы в кредитно-финансовых учреждениях	2
Flux	2
Web	2
modx	2
Французский язык	2
Training & Development	2
битрикс24	2
EMV	2
JavaFX	2
Lotus Notes	2
CODESYS	2
redshift	2
kinesis	2
aurora	2
Service Broker	2
ФГОС ВО 39.03.02 Социальная работа	2
Социальная работа	2
Реляционные БД	2
Ведение групп в социальных сетях	2
стажер	2
BigTable	2
PubSub	2
Dataflow	2
Apache Beam	2
gradle	2
stm32	2
TIA Portal	2
Семантическая верстка	2
Adobe InDesign	2
make	2
Selenium IDE	2
TVS	2
Анализ кода	2
Adobe Design	2
Opencart	2
Shop Script	2
Step	2
Технический перевод	2
OSGI	2
PLC SCADA	2
PyCharm	2
Делопроизводство	2
Java Database	2
Modx Revolution	2
GIS	2
Twig	2
web разработка	2
clickhouse	2
RDBMS	2
NodeJS	2
Сбор и анализ информации	2
Junior	2
SAP MM/SD	2
SAP EWM	2
Поддержка пользователей	2
Vanilla JS	2
AzureDevOps	2
ARkit	2
Aerospike	2
Flink	2
x86-64	2
Nvidia	2
MPI	2
AMD	2
Обработка сигналов	2
RxJava 2	2
Retail	2
Закупка товаров и услуг	2
Postgre SQL	2
Cortex M4	2
Вычислительная геометрия	2
Standard Library	2
gdb	2
HighLoad	2
FireBase	2
Clean architecture	2
bitrix	2
Recruitment	2
Складская логистика	2
Bitrix Framework	2
Apache Hadoop	2
PHP 5	2
1C-Bitrix	2
Business intelligence	2
программирование C#	2
программирование delphi	2
EF Core	2
PostgresSQL	2
ASP NET Core	2
mockito	2
PL/PLUS	2
ES5+	2
Формирование планов по подбору персонала	2
ST	2
Прямые продажи	2
Монтаж инженерных систем	2
Гражданское строительство	2
Linux Kernel	2
POSIX	2
FreeRTOS	2
Vue-JS	2
REST-api	2
Windows Vista	2
KAFKA	2
HTML\CSS	2
.netCore	2
RMS	2
Gtk#	2
PHP7+	2
робот	2
AGV	2
калман	2
ПИД	2
drone	2
коптер	2
Проектирование зданий и сооружений	2
Django Rest Framework	2
Слепая печать	2
OAuth2	2
Apache Ignite	2
Product Management	2
JNI	2
Английский язык B1+	2
Оптовые продажи	2
алгоритмы	2
линейная алгебра	2
Pentaho	2
программирование микроконтроллеров	2
NestJS	2
разработка мобильных приложений	2
umbraco	2
BigQuery	2
Solid Edge	2
PHPMetrics	2
PHPInspections	2
Oracle Siebel CRM	2
server side	2
численные методы	2
геометрия	2
GameDev	2
Знание механизмов построения СКД	2
NUnit	2
Навыки составления отчетности	2
Ответственное хранение	2
E-Learning	2
разработка 1С	2
microservices	2
BI	2
SAP Business Objects	2
QtWebEngine	2
Sailfish OS	2
Open Source	2
Pug	2
IBM Integration Bus	2
Парус	2
DOM	2
cloud	2
компьютерное зрение	2
LAN	2
Знание устройства автомобиля	2
Angular2	2
Composer	2
Контроль исправности оборудования	2
Confluence	2
Jetty	2
WAS	2
RMI	2
RUP	2
IBM WebSphere	2
Oracle Fusion Middleware	2
Clojure	2
SSDT	2
SSMS	2
Solr	2
Qml	2
Fibre Channel	2
PCI	2
PCIe	2
SATA	2
MentorGraphics Enterprise Expedition	2
Аккуратность в работе	2
TSQL	2
VB.NET	2
yarn	2
es5	2
RxJs	2
WEB API	2
middleware	2
java frameworks	2
smart-contract	2
ANT	2
React / Redux	2
Back end	2
Гражданский кодекс РФ	2
Linux/C/C++	2
написание конфигураций	2
Version Control System	2
English language	2
c# developer	2
Выездные мероприятия	2
SpringBoot	2
Разработка интерфейсов	2
ONVIF	2
Buildroot	2
toolchain	2
Caffe	2
Mixed-Signal Design	2
Analog Design	2
Cadence Virtuoso	2
Микроэлектроника	2
Keysight ADS	2
RS-485	2
USB	2
BSP	2
С/С++	2
U-Boot	2
ASP.NET Web API	2
самостоятельность	2
разработка игровой логики	2
клиент-серверная архитектура	2
система контроля версий	2
баг-трекинг	2
проектирование БД	2
Thunk	2
WebAssembly	2
ФГОС ООО	2
ФГОС СОО	2
1C: ERP	2
asp.net mvc	2
Subversion	2
NLU	2
websocket	2
x64	2
computer vision	2
Разработка электросхем	2
IBM Analytics	2
MDX	2
Oracle Hyperion	2
Cognos TM1	2
Ведущий консультант	2
Keras	2
Управление процессами	2
PSR	2
Informatica	2
wxWidgets	2
Guava	2
Jackson	2
websockets	2
Ktor	2
Деловая этика	2
Учитель русского языка	2
Преподаватель русского языка	2
Преподавание математики	2
Точные науки	2
Математика в условиях реализации ФГОС	2
Учитель математики	2
middle	2
Gerrit	2
J2EE	2
Network protocols	2
GNU Make	2
Bitcoin	2
Cocoa Touch	2
EtherCAT	2
Market Research	2
WebLogic	2
Solaris	2
WinAPI	2
VCS	2
Научные исследования	2
1С:УПП	2
1С:УСХП	2
GDB	2
LLDB	2
Мобильные приложения	2
Qt Widgets	2
Многопоточные приложения	2
Архитектура приложений	2
Видеоаналитика	2
многопоточность	2
PHP 7.2	2
.NET Framework 4.6+	2
Microsoft Azure Service Fabric	2
DFT	2
SoC	2
СнК	2
Wireless	2
CoreData	2
Организация учебного процесса	1
Написание текстов	1
tensorflow	1
ES2015+	1
Koa.js	1
Web Soсkets	1
Bootstrap-Vue	1
cocos2dx	1
XPath	1
Single Page Applications	1
redux saga	1
HDFS	1
Tenserflow	1
XGBoost	1
scikit	1
pyQt	1
desing patterns	1
RESTful API/Websocket	1
NPM Scripts	1
Microsoft Azure	1
БП3	1
Tableau Certification	1
Alfresco	1
Наличия опыта в разработке проектов СЗЗ/ПДВ	1
regex	1
Внутренняя оптимизация сайта	1
Внешняя оптимизация сайта	1
Проведение опросов	1
ScienceDirect	1
Education	1
Business Planning	1
International Contracts	1
COM; MFC; ATL: STL; MES;ERP; C++; C; TCP/IP	1
asio	1
spirit	1
WebStorm	1
Kong	1
Packages	1
Statistica	1
Программирование на С (Си)	1
Претенциозная работа	1
Закупка оргтехники и оборудования	1
Cocoa Framework	1
App Store	1
bitrix d7	1
ARIS	1
EMF	1
Gitflow	1
Symphony	1
Lavarel	1
svelte	1
Международные контакты	1
it	1
Anaconda	1
flutter	1
реляционные БД	1
mobx	1
IBM Webspher Application Server	1
Разработчик 1С	1
Администрирование кадрового учета	1
1с кадры	1
Visual Basic Applications	1
net core	1
angular 7+	1
compose	1
входящие звонки	1
devOps	1
Apple deweloper	1
NuxtJS	1
SCSI	1
СХД	1
SH	1
Сертификация продукции	1
интеграция с on-line кассой	1
Организационные навыки	1
Доброжелательность	1
Знание компьютера на базовом уровне	1
Shading	1
UDP	1
C# developer	1
Xamarin Forms	1
Yii1	1
Экстремальное программирование	1
Delta electronics	1
Master SCADA	1
Tia portal	1
Rockwell	1
Allen-Bradley	1
Schneider	1
Vijeo Citect	1
ОВЕН	1
Weintek	1
SoMachine	1
IEC 1131-3	1
МЭК-61131	1
Sapper	1
Backbone.js	1
Angular.JS	1
Chrome Dev Tools	1
Photoshop	1
Illustrator	1
ведение сайтов	1
Общественное питание	1
RxJava2	1
Android Architecture components	1
core data	1
Знание делового этикета	1
Работа с хранилищем	1
EГАИС	1
Маркировка	1
RS422	1
EntityFramework	1
iSpring Suite	1
Разработка электронных курсов	1
разработка системы учета работы предприятия	1
iOs SDK	1
Laravel, Yii	1
VanilaJS	1
Аттестация персонала	1
bootstrap 4	1
Webview	1
PHP +7	1
foundation	1
sublime	1
Техническая экспертиза	1
solid	1
agile	1
Техническое Сопровождение	1
1С 8.3	1
Работа с юридическими лицами	1
обучение сотрудников	1
1C: Документооборот	1
Siemens NX	1
Go/Golang	1
Написание процедур	1
Налоговый учет	1
Google Cloud Platform	1
gitlab	1
WFS	1
Geoserver	1
PLpg/SQL	1
TIS-SQL	1
BSD	1
Технический контроль производства	1
пищевое производство	1
разработка продуктов	1
технолог	1
технолог-разработчик	1
Ремонтные работы	1
VBS	1
CrystalReports	1
Grizzly Webserver	1
Apache Shiro	1
Embedded Linux	1
webapi	1
Flex	1
php 7	1
MVC в PHP	1
OpenApi	1
Владение языками программирования	1
Anime.JS	1
Qlik	1
Организация встреч	1
Развитие ключевых клиентов	1
Подготовка коммерческих предложений	1
Техники продаж	1
Создание, развитие и ведение клиентской базы	1
sinatra	1
Git/Gitlab	1
IBM FileNet P8	1
IBM Navigator	1
IBM Websphere	1
GSM	1
osmocom	1
ASN1	1
React.Js	1
Vue.Js	1
QlikSense	1
JS (ES5)	1
JanusGraph	1
Rxjs	1
NixOS	1
1C программирование 1С: Предприятие 8 ERP-системы на базе 1С Обновление конфигурации 1С	1
SDN	1
NFV	1
Adaptive Networks	1
OpenFlow	1
MESH	1
OPNFV	1
ONAP	1
DPDK	1
nmap	1
научно-исследовательская деятельность	1
разработка чертежей	1
HLS	1
Visual Basic for Applications	1
Системы управлениями базами данных	1
Tapestry 4	1
Банковские системы	1
Play Framework	1
Тинькофф	1
Проектирование ЛВС	1
Uipath	1
simulator	1
Симуляторы	1
Simens	1
Schneider-Electric	1
Организация рабочих мест	1
SuiteCRM	1
vTigerCRM	1
Графический дизайн	1
FMCG Продажи	1
Veux	1
Web development	1
web программирование	1
Роботизированная Автоматизация	1
ElectroNeek	1
Роботизированная автоматизация процессов	1
Ionic	1
Clean	1
Restfull api	1
MaxPatrol	1
Coffescript	1
HAML	1
Postrges	1
Желание развиваться	1
Знания: - HTML, CSS, JavaScript. - Python (Django). - Общие навыки программирования.	1
Visual Studio Code	1
ASP	1
aerospike	1
moodle	1
Основные требования которые хотелось бы : 1. Опыт работы в области разработки новых устройств с нул	1
MODx	1
Fast	1
Test fly	1
TIBCO Spotfire	1
программирования PLC	1
роботы KUKA / FANUC	1
SIEMENS Step7	1
Металлообрабатывающие станки	1
MS Reporting Service	1
PHP 7.0	1
Photobuf	1
KOIN	1
Raspberry	1
Разработка приложений	1
технологические карты	1
Знание кодекса WordPress и понимание специфики западного рынка	1
Опыт в разработке кастомных тем и плагинов	1
CMS Bitrix	1
Логистический менеджмент	1
WTL	1
C++/cli	1
Опыт программирования на платформах 1С 8.3	1
Опыт работы с Конфигурациями: ЗУП 3.1, Бухгалтерия 3.0	1
Опыт интеграций с другими системами через WEB сервисы, COM соединения	1
8.3	1
РНР	1
Письменный перевод	1
Алгоритмическое мышление	1
Готовность к саморазвитию	1
Позитивный образ мыслей	1
Devise	1
Прием и распределение телефонных звонков	1
1С:Управление нашей фирмой	1
Профессиональная компетентность	1
Навыки литературного поиска	1
Ruby, PHP, Python, JS.	1
php unit	1
1С Платформа 8	1
electron	1
ZMQ	1
Flow	1
IBM	1
Bank Software	1
3D эффекты	1
ARINC	1
С++11	1
С++14	1
ПЛИС(FPGA)	1
TFS/git	1
ArchiCAD	1
ArtCAM	1
доработки 1С	1
Работа с отладчиком	1
Радиолокация	1
Unreal Engine 4 (UE4)	1
celery	1
Отличное знание основных программных продуктов 1С - БП, ЗУП, УТ, КА	1
Владение конвертацией данных и настройка обмена между различными конфигурациями	1
Обновление нетиповых конфигураций любой сложности	1
Веб-сервисы (SOAP, REST)	1
Интеграция с любыми системами	1
Доработка типовых конфигураций с сохранением возможности обновления	1
Использование расширений как багфиксы	1
Экспертное знание языка запросов	1
Профессиональные знания платформы 1С	1
Опыт работы с автоматизацией бухгалтерского учета	1
Адаптивная вёрстка	1
linqToSQL	1
Material UI	1
Адекватность	1
Enzyme	1
Sound Programming	1
WWISE	1
Цифровая обработка звука	1
real time	1
DIALux	1
.Net MVC	1
WPF/XAML/MVC	1
cuba platform	1
xWiki	1
MicroBlaze	1
Apache Service Mix	1
JBoss Fuse	1
Active MQ	1
Знание ПК, оргтехники - продвинутый пользователь.	1
Желательно наличие сертификатов 1С: специалист или профессионал	1
Желательно знание Microsoft SQL Server, T-SQL	1
Blueprints	1
JOGL	1
Mathematical Programming	1
РЭА	1
радиоэлектронные схемы	1
печатные платы	1
разработка Allegro	1
MSVC Toolchain	1
AOSP	1
JAXB	1
Управленческие навыки	1
Сканер	1
Windows Server 2012	1
R2MS	1
Паттерны разработки	1
Хранимые процедуры	1
CMS MODX	1
1C Торговля и Склад 7.7	1
KNX	1
Dali	1
Холодные звонки	1
webRTC	1
FlexiCapture	1
OCR	1
ABBYY	1
Любовь к программированию	1
Готовность много и плодотворно учиться и трудиться	1
graphQL	1
СУБД(SQL)	1
ПО управление проектами	1
zeppelin	1
greenplum	1
ETL/DWH	1
elixir	1
Core Java	1
Spock	1
Vue,js	1
Садковский Антон Сергеевич	1
.NET Micro Framework	1
Переквалификация	1
холодная голова, горячее сердце, чистые руки	1
всё равно никто не читает теги	1
Doctrine 2	1
vim	1
emacs	1
Pacemaker	1
Consul	1
cluster	1
Практический опыт работы в должности программист 1С	1
Знание основных механизмов платформы 1С:Предприятие 8.2, 8.3	1
Умение работать с конфигурацией «Конвертация данных», написание собственных правил обмена	1
Знание СКД	1
ЭДО	1
gatsby	1
Rancher	1
Hasura	1
MODX Revolution	1
React+Redux	1
Vue+Vuex	1
Virtual reality	1
Augmented reality	1
A-frame	1
canvas	1
C/C++, MFC/QT, Разработка ПО	1
XHTML	1
Понимание бизнес-процессов	1
Device Drivers	1
1C 10	1
Протоколирование	1
Разработка архитектуры БД	1
Написание программного кода	1
Оптимизация БД	1
Prognoz Platform	1
SketchUp	1
MS Visual Studio ; (С#)	1
Документооборот	1
Identity Management	1
Cocos2d-x	1
Loopback	1
Пайка	1
Adruino	1
esp	1
Усидчивость	1
Быстрая обучаемость	1
АВАР	1
C++ Builder	1
LibGDX	1
Netty	1
умение планировать	1
JADE	1
ES7+	1
Data Scientist	1
Макросы	1
Собеседование	1
Знание механики	1
LeoECS	1
Hybris	1
шейдеры	1
Java Concurrency	1
Контроллеры	1
Photon Server	1
разработка сайта	1
Разработка iOS-приложений	1
vue-router	1
Vue CLI 3	1
Java Core (8)	1
RocksDB	1
Single Sign-On	1
Process mining	1
slim	1
doctrine	1
underscorejs	1
BPML	1
drupal	1
HL7	1
CDA	1
Крипто ПРО	1
ЭП	1
management studio	1
COCOS	1
prometheus	1
Транспортная логистика	1
Геометрия	1
Angular 2/4	1
ExtJs	1
server	1
Attlassian Jira	1
Фронтенд разработчик	1
PHP MySQL JQUERY Javascript HTML5 CSS3	1
Google App Engine	1
Google Cloud Spanner	1
Кредиторская задолженность	1
fron-end	1
программист	1
фронт-энд	1
Закупки	1
HTML/CSS	1
Data Structure	1
Algorithms	1
Code Analysis	1
KeystoneJS	1
Windows Xp	1
FIX protocol	1
ZeroMQ	1
ICO	1
Разработка печатных плат	1
Силовая электроника	1
PIC16	1
ActiveRecord	1
Rubymine	1
DelayedJob	1
Управление системой наставничества	1
желание расти и развиваться	1
стремление к обучению	1
Гибкость и многозадачность	1
Стремление к достижениям	1
желание обрести опыт в популярной области	1
Front End web разработка	1
Simphony	1
DocsVision	1
PaaS	1
Directum 5	1
Django REST	1
CAM Metalix	1
Javascript/Typescript (ReactJS, Redux), HTML5, CSS3	1
XSL\XSLT	1
ionic	1
NGUI	1
иос	1
андроид	1
Steam	1
network protocols	1
знания и опыт работы с конфигурациями УТ 10.3, УТ 11.2, БП 3.0, ЗУП 2.5	1
AR/MR	1
Sentry	1
Dynamics NAV	1
Dynamics 365 Business Central	1
Dynamics 365	1
AL	1
1C MES	1
1C: ТОИР	1
Дискретное производство	1
Уверенный пользователь компьютера	1
Умение общаться	1
ANSYS	1
Чат-бот	1
Диалоговая система	1
Естественный язык	1
openAPI	1
Групповое обучение	1
сопровождение 1с	1
SAP ABAP	1
UI Developer	1
Организация деловых поездок	1
Административная поддержка руководителя	1
Программирование ПЛК Yokogawa, Allen Bradley, Honeywell, Schneider.	1
Знание протоколов Modbus RTU/TCP	1
JavaScript Vue.js Rest API MySQL jQuery CSS3 Git HTML5 CSS Ajax	1
PostgreSQL Node.js Python Django Framework JavaScript HTML5 jQuery Git CSS3 CSS Ajax MySQL	1
jSON	1
STEP7	1
SCL	1
Ladder diagram	1
react-native	1
BI-системы	1
Qlik View	1
проектирование дашбордов	1
визуализация данных	1
внедрение программных продуктов	1
Складской Учет	1
PUG	1
Pixi	1
Anime.js	1
Проектирование печатных плат	1
Компьютерная графика	1
Программный продукт	1
Архитектура	1
Cocoa pods	1
Formik	1
Разводка печатных плат	1
техническое зрение	1
Omron Schneider Electric	1
знание компьютера и программирование	1
Должностные инструкции	1
Vue + Vuex	1
JavaScript (ES6 и выше)	1
HTML и CSS (stylus)	1
Webpack 4	1
Gulp 4	1
CI	1
OpenShift	1
Внедрение проектов на УПП или или ERP	1
Знание бухгалтерского, налогового учета	1
Розничная торговля	1
Cyclone	1
Guice	1
Robotic process automation	1
Kotlin/Java	1
ВЭД	1
Управление цепочкой поставок	1
OkHttp	1
Postfix	1
Coredata	1
1С УПП 1.3	1
ERP 2	1
Nats	1
программирование в 1с	1
веб сервис	1
знание скд	1
Playable ads	1
Мотивация персонала	1
Стратегия Развития	1
Запуск новых продуктов	1
Управление лояльностью потребителей	1
LDAP	1
Oracle Database	1
ELT	1
node	1
ECMA	1
Zope	1
MS Windows	1
KVM	1
Стек IP	1
zeplin	1
schema	1
Микроконтроллеры STM	1
Android OS	1
умение планировать работу	1
Микроконтроллер	1
разводка печатных плат	1
TCU автомобиля	1
Hyper-V	1
WSUS	1
Webasyst	1
Java Script	1
Spring cloud	1
Analytics	1
Apple AppStore	1
App Frameworks	1
Apple UIKit	1
REST/RPC	1
Google Play Market	1
Android UI	1
RPS	1
Framework7	1
Drone	1
Minio	1
React.js, Vue.js	1
NFC	1
WiFi	1
Bluetooth network stack	1
SwiftUI	1
Bluetooth / BLE	1
APNS	1
Yandex Кассы	1
Занятость населения	1
Трудоустройство граждан	1
Профессиональная ориентация населения	1
Содействие и организация трудоустройства граждан	1
Знание НПА в сфере занятости населения	1
Преподаватель социальной работы	1
Госуслуги	1
государственные услуги	1
Центр занятости населения	1
Программирование миркоконтроллеров	1
xamarin	1
Reac	1
Full Stack	1
Заупки	1
LuaJIT	1
знание 1С	1
удаленная работа	1
Vkontakte Api	1
цфт	1
Проектирование хранилищ данных	1
промышленные контроллеры	1
APEX	1
ZKOSS	1
Уверенное знание JavaScript, Html, Css, PHP, MySQL, jQuery	1
PL/pgSQL	1
GraphQL API	1
создание сайтов, верстка,1С -Битрикс,Joomla,CMS,SEO,PHP, Java/	1
Разработка схем электрических принципиальных	1
vagrant	1
vaadin	1
wicket	1
apache camel	1
mule	1
esb	1
DoxyGen	1
БИТ. Финанс	1
конвертанция	1
SW4STM32	1
Lora	1
Lorawan	1
авионика	1
МАИ	1
javascript, nodejs, angularjs, jquery, bootstrapjs, json	1
Android developer	1
DAX	1
Language M	1
Настройка серверов Apache	1
VPN	1
Scala, Akka, Kafka, Spark, Hadoop, PostgreSQL	1
SQL-запросы	1
MDХ	1
Контекстная реклама	1
Поисковая оптимизация сайтов	1
Анализ посещаемости сайтов	1
профессионализм	1
профессонализм	1
Swagger (OpenAPI)	1
Messaging (Kafka, ActiveMQ)	1
CI/CD (Jenkins pipelines)	1
Битрис24	1
Анализ конкурентной среды	1
программирование C++, QT	1
Compass 3D	1
Тeam Foundation Server	1
TypeScrip	1
Webrtc	1
Electron	1
qml	1
VuetifyJS	1
ответственность, исполнительность, многозадачность, самостоятельность	1
Metal	1
Core Image	1
PHP4	1
ARDUINO	1
AVR Studio	1
Altmega	1
RISC	1
Программирование ПЛК	1
SIEMENS	1
Haxe	1
haxe	1
scss	1
NET Framework	1
WinForms	1
Laravel 6.*	1
Production	1
Vue Router	1
Trace mode	1
Wientek	1
CATIA	1
Google Data Studio	1
Data Visualization	1
C++03	1
C++14	1
работа с VIP клиентами	1
CSS-процессор	1
openCV	1
Terraform	1
Фильтр Калмана	1
TIBCO	1
ARM, MIPS	1
Computer Graphics	1
UE4	1
GCD(QOS)	1
asp.net core	1
Gunicorn	1
PostgreSQL/MySQL	1
silicon labs	1
php7+	1
FPM	1
Phusion Passenger	1
Проведение промо акций	1
Знание базовых основ компьютерной грамотности	1
Знание алгоритмизации	1
Знание основ языков программирования	1
Умение разбираться с методикой и платформами в соответствии с инструкцией	1
Знание одного или нескольких языков программирования	1
Высшее или неоконченное высшее образование в сфере IT	1
Обучаемость, желание получать новые знания	1
Облачные технологии	1
cobra	1
viper	1
selenium	1
Kotlin, RxJava	1
ViewGroup	1
ConstraintLayout	1
Choreographer	1
СНИПы	1
Метеорологические продукты	1
Fullstack	1
React Python	1
WebTutor	1
Google Play	1
Doctrine	1
языки программирования	1
опыт разработки программ для устройства или макета	1
опыт программирования микроконтроллеров типа AVR	1
Javadoc	1
xunit	1
maven/gradle	1
java memory model	1
Oracle EBS	1
js	1
CMS Drupal	1
Управление затратами	1
Стратегическое планирование	1
Проектный менеджмент	1
Оперативное планирование	1
Анализ бизнес показателей	1
Анализ затрат	1
Корпоративные продажи	1
Лидерство	1
Работа с ключевыми клиентами	1
Участие в Тендерах	1
Выставочная деятельность	1
Навыки переговоров	1
Android api	1
RE	1
Технические протоколы	1
native javascript	1
VK API	1
myTarget API	1
Yandex Direct API	1
Yandex Metrica API	1
Mobile App	1
архитектура 1 C	1
VUE.JS	1
CakePHP	1
RiotJs	1
C#, PLINQ, TPL	1
WEB-сервис	1
Не типовые конфигурации	1
Терминалы Сбора Данных	1
Администрирование 1С	1
трансляции	1
Balanced Scorecard	1
OpenOffice	1
Ethernet, SDH/PDH, DDR.	1
SystemVerilog, Quartus, Vivado	1
React/Redux	1
Grunt/Gulp	1
WooCommerce	1
mobile development	1
restful API	1
Знание языков программирования С#/С++, .NET.	1
Системное администрирование	1
администрирование СУБД	1
Google Docs	1
PHP, MySQL, Yii, JS/AJAX, HTML/CSS	1
GIT, GitFlow	1
DirectumRX	1
Autodesk Revit API	1
CMS Битрикс	1
Торговля	1
Account Management	1
complex sales	1
Торговлей 1С: Управление Производственным Предприятием	1
1С:Специалист	1
1С Специалист-консультант	1
разработка	1
Room	1
retrofit	1
Mobile dev	1
React 16.8	1
symfony 4	1
asp net core	1
C#, WPF, Entity Framework	1
Написание кодов	1
Product Owner	1
STM 32	1
HAL/СubeMX	1
RS-232	1
Аutomative	1
ServiceNow	1
Web.API	1
БЭМ	1
junior	1
senior	1
DOT.NET	1
Финансовый анализ	1
Play framework	1
vue router	1
КИС ТТД	1
Oracle Database Enterprise (11.2.0.4 и выше)	1
Red Hat Enterprise Linux 7	1
Конвертация 2,3	1
Web сервисы	1
pytest/unittest	1
создание firmware	1
Cocos2d-JS	1
Cocos Creator	1
RBO	1
Vuetify	1
JAVA / Python	1
Микропроцессорные системы управления	1
pl/pgsql	1
навыки программирования;	1
знание основных операционных систем; ответственность	1
Inkscape	1
GIMP	1
FreeSWITCH	1
tornado	1
ASIO	1
Опыт работы с Oracle Forms, Oracle Reports;	1
Опыт работы с биллинговыми системами приветствуется;	1
Знание инструментов проектирования структуры БД;	1
Анимация	1
камин 1.2	1
1 С: Управление Холдингом	1
Restful	1
Avid Media Composer	1
клиентская оптимизация	1
Желание обучаться и развиваться	1
Интерес к программированию 1С	1
Самоорганизация	1
Консультирование пользователей	1
ADO	1
Знание языков програмирования, C/C++. Знание алгоритмов ЦОС.	1
Стеки протоколов USB, TCP/IP	1
Опыт разработки собственных протоколов	1
Навыки математического моделирования,	1
RTOS, Linux, bare-metal.	1
Телефонные переговоры, прием и обработка заказов	1
IPTables	1
Английский — A1 — Начальный	1
Программирование ПЛИС	1
ddd	1
Обслуживание покупателей	1
ISO8583	1
OpenWay	1
Angular 6 - 8	1
VUE.js	1
jit	1
Figma/Zeplin	1
svg	1
XAML	1
Consultant Plus	1
Oracle CRM	1
Clang	1
Oracle PL	1
разработка микроконтроллеров	1
Разработка микропроцессоров	1
разработка контроллеров	1
описание бизнес-процесса	1
создание пользовательских инструкций	1
анализ бизнес-процессов	1
знание языка запросов 1С	1
Amazon AWS	1
C3	1
cassandra	1
Java Scrirt	1
Hginx	1
Высшее инженерное образование	1
django-rest-framework	1
SOC	1
UnrealEngine	1
Codable	1
ALV grid	1
ALV tree	1
firestore	1
devextream	1
razor	1
Angular4	1
Смотрите саму вакансию, там все есть	1
Multi-threading	1
Unix IPC	1
Adobe After Effect	1
MS SQL Server 2008 R2/2012	1
real-timе	1
National Instruments	1
feature programming	1
Bower	1
Grunt	1
GRUNT	1
BOWER	1
Социальные услуги населению	1
Нормативно-правовая база социальной защиты населения	1
Мониторинг качества социальных услуг	1
ФГОС СПО 39.02.01 Социальная работа	1
Менеджмент в социальной сфере	1
Социальная защита населения	1
Соцзащита	1
RPC	1
TLS	1
WildFly	1
simatic step 7	1
sass/less	1
Базовые знания js	1
SMM	1
Full-stack developer	1
разработка мобильных	1
Mongo	1
NXP	1
Electronics	1
Redshift	1
Glue	1
CircleCI	1
Самообучаемость	1
про-активность	1
теория чисел	1
Верстка Div	1
DOMObject	1
xQuery	1
Искусственный интеллект	1
Data science	1
Lead engineer	1
SocialNetwork	1
gevent	1
Воронка продаж	1
MailChimp	1
Лидогенерация	1
Проведение рекламных кампаний	1
Adobe Dreamweaver	1
NgXs	1
Django REST Framework	1
Oracle Database 11g	1
Phoenix Framework	1
Hostcms	1
bash/sh	1
PEP8	1
Desktop	1
NET.Core	1
техническое задание	1
Ценные бумаги	1
flexbox	1
gridlayout	1
Liferay	1
jss	1
d3	1
Code review	1
Web - программирование	1
cordova	1
angular 2	1
Vagrant	1
PHP fpm	1
Проектирование ПО	1
Ответственность, CRM, API, PHP, JavaScript, амо crm	1
C#,	1
Обязательный опыт работы с конфигураций ERP (Управление предприятием 2)	1
Start-up project	1
Python.	1
Julia	1
искусственный интеллект	1
ArCore	1
VRTK	1
Виртуальная реальность	1
Дополненная реальность	1
canvas.js	1
Squirrel	1
spirv	1
завершенные проекты	1
Revit API	1
Dynamo	1
Multiple View Geometry	1
Structure from Motion	1
Disparity Map calculation	1
Bundle Adjustment	1
QtCreator	1
Autodesk Maya	1
Drupal 7	1
ORM (EntityFramework / Dapper)	1
CreditFlow	1
Управление рисками	1
владение языком запросов	1
ORACLE PL/SQL.	1
английским	1
Владение английским языком	1
HTLM	1
WordPress	1
cURL	1
web API	1
System Integration	1
JavaScript стеком: React, Angular	1
Early development	1
Montessori	1
People psychology	1
Kids psychology	1
языки программирования: С, verilog/VHDL	1
знание прикладной математики	1
знание ЦОС	1
базовые знания цифровой и аналоговой электроники	1
опыт разработки устройств c ЦОС на основе FPGA	1
разработка алгоритмов работы устройств, компьютерное моделирование	1
разработка и отладка ПО	1
разработка тестового ПО	1
разработка сопроводительной документации на ПО	1
Joomla	1
Deployment	1
Prestashop	1
NJINX	1
SSH	1
Windows Server 2008 R2	1
Reporting	1
Английский язык технический	1
Spting data	1
Selenium	1
Knockout JS	1
ModX Revolution	1
1C Bitrix	1
Разработка мобильных приложений	1
Jupiter	1
знание ПК( языки программирования)	1
Virtual Reality	1
уметь программировать на языке "С"	1
Алгоритмический склад ума	1
Желание изучать новое	1
Желание работать	1
Ansi C++	1
ОСРВ	1
Free RTOS	1
ECMAScript 6	1
Arduino	1
Планирование рекламных кампаний	1
Oracle Data Integrator	1
SQL Developer	1
Oracle APEX	1
Embedded system	1
Angular8	1
Обслуживание компьютерной и серверной техники	1
поддержка серверной техники	1
поддержка компьютерной техники	1
установка ПО	1
Радиотехника и связь	1
PCB design	1
1с специалист	1
Testing Framework	1
Strategic Marketing	1
RxPM	1
Conductor	1
material design	1
AFNetworking	1
RestKit	1
ObjectMapper	1
Client-server	1
web-sockets	1
CXF	1
Java 7-8	1
Glassfish	1
WebSphere	1
БГУ	1
Государственные структуры	1
Разработка сайтов	1
 Аналитические способности ответственность самоорганизация 1С программирование	1
PHP5/7	1
API Bitrix	1
Отчетность	1
Технические задания	1
NativeScript	1
Программирование на 1Сv8.х	1
Знание конфигурации "Управление торговлей" (10.3 и/или 11)	1
Умение общаться с пользователями	1
Знание основ бухгалтерского учета	1
Поддержка конфигураций БП, ЗУП	1
ES6/7	1
CSS2-3	1
HTML4-5	1
Augmented Reality	1
back end	1
интернет	1
Способность к быстрому обучению, работа в команде	1
rxJava	1
Autolayout	1
Web Development	1
Ведение переписки на иностранном языке	1
Web/FTP Proxy (Bluecoat SG)	1
OrCad	1
Бисквит	1
QBIS	1
Progress 4GL	1
БИС	1
PDM-системы	1
РКД	1
ГОСТ	1
Спрут	1
АКАД	1
ЕСТД	1
архитектура ПО	1
tcp/udp	1
Развитые коммуникативные навыки	1
Высокий уровень ответственности	1
Развитые лидерские качества	1
Нацеленность на результат	1
Agile мышление	1
интеграция с сайтом	1
Angular, Ionic, git, JavaScript, TypeScript, ES6	1
Aurelia	1
База данных: Olap	1
CANOpen	1
GitFlow	1
RnD	1
PHP Yii2	1
Проведение праздников	1
PHP, MySQL, фреймворка Symfony 3+, Вootstrap знания протоколов HTTP2, Websocket	1
RDP	1
Boot	1
Data	1
java скрипт	1
Системы управления базами данных	1
linux kernel	1
kernel linux	1
консультант 1С	1
техническая поддержка клиентов	1
написание кодов	1
разработчик 1С	1
1С БГУ	1
доработка	1
UMI.CMS	1
Администрирование сетевого оборудования Администрирование сайтов Администрирование серверов Windows	1
Moodle framework	1
С#. NET	1
объектно-ориентированное программирование	1
Ionic View	1
Profibus	1
Profinet	1
Autometion Runtime	1
Reporting Services	1
ОПП	1
Web разработка	1
CMS 1С Битрикс	1
Django CMS	1
cherrypy	1
bottle	1
pyramid	1
СУБД PostgreSQL	1
Разработка схем ЭЗ, ПЭЗ	1
iOS HIG	1
Финансовая отчетность	1
IAR	1
ST32Cube	1
Cortex M3	1
PSR-1	1
PSR-2	1
PSR-4	1
Symfony3	1
Сomposer	1
разработка сайтов	1
Мобильный банк	1
React\Redux	1
CAD/CAM	1
Visual Studio	1
Computational geometry	1
Теория графов	1
Visual Studio, C#, C++, Java, MS SQL, React	1
Reactjs	1
Make	1
MS SSIS	1
КХД	1
Управление автотранспортом Проф	1
Apache beam	1
ЦФТ - Банк	1
ИБСО	1
CRM Мегаплан	1
Поисковые системы	1
Linux, Python, SQL	1
внимательность	1
KOTLIN	1
Scene Builder	1
Protobuf	1
IAR Workbench	1
ubuntu	1
Mosby	1
Spring boot	1
SIMATIC	1
Step7	1
PCS7	1
Metabase	1
Js	1
разработка мобильного приложения	1
разработка и поддержка инфраструктуры сайтов	1
Рекрутмент	1
Корпоративная культура	1
Оценка персонала	1
Адаптация персонала	1
ECMA6	1
Highcharts	1
анализ стороннего кода,его рефакторинг и развитие	1
Continuous Integration	1
Continuous integration	1
OKTELL	1
системы ДБО от BSS	1
BSS DBO BSClient v.3/CORREQTS.	1
Администрирование систем подготовки отчетности ТК ПСД, ТБСВК и другие	1
Java 7	1
openEHR	1
IoC	1
Jmeter	1
SOAP (WSDL)	1
WS-security	1
infinispan	1
Reviewing	1
BI-платформы	1
embedded linux	1
Machine Learning platform	1
AS3	1
Flash	1
AirFlow	1
C#6.0	1
ASP.NET MVC/WebAPI/Core	1
Линейная алгебра	1
Параллельные вычисления	1
Оптимизация алгоритмов	1
поддержка сайтов	1
модернизация сайтов	1
vpr	1
макросы	1
Маркетинговое планирование	1
Preact	1
Inferno	1
Snabbdom	1
Virtual DOM	1
.net C#	1
Postgre (PG/SQL)	1
Vue/Vuex	1
EF6	1
Unit tests	1
native javascript (ES6+)	1
Разработка оборудования	1
НИОКР	1
ОКР	1
Сборка	1
3D-принтер	1
3D-печать	1
Аддитивные технологии	1
PostreSQL	1
3D карта	1
Продвинутый пользователь ПК.	1
macOS	1
Ms Expert	1
ГИС	1
государственная информационная система	1
твердые коммунальные отходы	1
ТКО	1
исследование	1
анализ	1
написание аналитических текстов	1
НИР	1
научно-исследовательская работа	1
KnockoutJS	1
no-SQL databases	1
FOSS products	1
algebra and analytical geometry	1
Linux, Windows, iOS, Android	1
coroutines	1
rxjava	1
unit/system testing	1
mockk	1
junit4/5	1
kodein	1
dagger	1
Настройка обменов	1
Доработка конфигураций	1
БУХГАЛТЕРИЯ КОРП	1
ЗУП КОРП	1
unittest	1
SIEMENS NX	1
корпоративное хранилище данных	1
MULTIVENDOR	1
CS-CART ULTIMATE	1
Java/Java2EE	1
Java core	1
IBM MQ	1
1С УНФ	1
ETL Informatica Power Center	1
Средства защиты от несанкционированного доступа	1
Hardware	1
ПО для ПЛК	1
Schneider Electric	1
Time Series DB	1
умение работать в режиме многозадачности	1
навыки межличностного делового общения	1
планирование работы и составление ее графика	1
знание языка С	1
промышленные интерфейсы	1
Анализ АБС	1
РКО	1
основные банковские бизнес-процессы	1
АБС Банк XXI Век	1
Oracle Forms Developer	1
Oracle Reports Developer	1
Java FX	1
3 группа по электробезопасности	1
Пожарная сигнализация	1
Знание 1С	1
Restful API	1
knockout	1
Wonderware	1
InTouch	1
Доработка функционала	1
Техподдержка	1
Договоры поставки	1
Инжиниринг	1
Машиностроение	1
Дорожное строительство	1
C#MS Visual StudioMS SQLSQLGit.NET FrameworkTransact-SQLOOПEntity Framework	1
Язык С	1
Встраиваемые системы TMS,STM 32, Cortex	1
Цифровые интерфейсы SPI, UART,RS 232/422/485,CAN, I2C	1
ЕСПД	1
Настройка, наладка ПО	1
ArcGIS	1
Программирование на базе Advantech и National Instruments	1
Интерфейсные платы расширения	1
RS-232/422/485	1
2D,3D графика	1
Karma/Mocha	1
Angular 2.0	1
Bamboo	1
AOP	1
http4s	1
Cats	1
fs2	1
Doobie	1
IO	1
CRM Битрикс 24	1
Знание архитектуры РС;	1
Знание основных сетевых протоколов (IP, TCP, UDP)	1
Знание архитектуры ОС, Windows, Unix	1
Знание языков С, С++	1
Знание архитектуры МS SQL Server и знание T-SQL	1
Умение разрабатывать ПО под Android	1
Умение пользоваться MS Visual Studio	1
Умение разрабатывать и отлаживать системное ПО (драйвера, ядро) под Linux	1
JMS/AMQP	1
Abbyy Flexi Capture	1
Abbyy Compreno	1
UiPath Studio	1
UiPath Orchestrator	1
Robin	1
Blueprism	1
WinAutomation	1
Kofax	1
Automation Anywhere	1
Asio	1
Wasapi	1
SPA frameworks	1
Bitrix 24	1
Юридическая поддержка	1
Tipes	1
NATS	1
elas	1
Выбор подрядных организаций	1
Microsoft SharePoint	1
HTML, CSS, JavaScript,	1
ASP.NET MVC, MS SQL Server, MS Visual Studio	1
трассировка печатных плат	1
монтаж печатных плат	1
прототипирование печатных плат	1
программирование, отладка	1
Разработка цифровых / аналоговых устройств	1
Работа с современным паяльным оборудованием	1
SMD	1
BGA	1
FQPGA	1
Программирование электроники	1
Подбор элементной базы	1
PIC	1
Siemens Amesim	1
MATLAB Simulink	1
mscrm	1
Terrasoft	1
extJS	1
Умение качественно, быстро и главное автономно выполнять задачи	1
автоматизированное тестирование	1
YouTrack/GitLab/TeamCity	1
Quantitative finance	1
bitrix24	1
Работа с поставщиками	1
настройка 1с	1
RAML	1
Axios	1
teamcenter	1
Siemens Teamcenter	1
windchill	1
PTC	1
ЖЦИ	1
Жизненный цикл изделия	1
цифровые фильтры	1
цифровая обработка	1
UAV	1
квадрокоптер	1
Наставничество	1
Process Modelling	1
понимание семантики	1
Оценка компетенций	1
Управление по целям	1
электронные курсы	1
ASH	1
AWR	1
Hover	1
onClik	1
Parallax	1
JS-фреймворки	1
Социальные сети	1
Java Spring	1
wildfly	1
Low-level programming	1
Microcontrollers programming	1
Postgres PL	1
уверенные знания C#, .Net Framfork 4.0, 4.5, ASP NET	1
javaskript	1
знание методологии scrum, agile	1
1С:Предприятие 8	1
умение работать в коллективе	1
GRM	1
AsyncDisplayKit	1
Банк-клиент	1
HTML/CSSJavascript (Vue, React)	1
1С: Автосервис	1
Корпоративные мероприятия	1
Антивирусная защита сети	1
Обеспечение антивирусной защиты	1
Google AdWords	1
Сельское хозяйство	1
Программы лояльности	1
1С: WMS	1
МСФО	1
Distributed systems	1
Birst	1
Java spring framework	1
Primefaces	1
Протоколы передачи данных	1
ES5/6	1
Система контроля версий (git/mercurial)	1
CSS2/3	1
Apache Flex	1
WebSphere ESB	1
Pentaho Data Integration	1
Webpack (Vue.js)	1
Architecture design	1
fastscript	1
Дельфи	1
сопровождение программного обеспечения	1
сопровождение ККМ	1
знание программы 1С 8.3	1
Native	1
Zenject	1
владение C++;SQL;Python;PostgreSQL;Oracle	1
PPAP	1
APQP	1
Problem solving	1
Interpersonal skills	1
Организованность	1
Power pivot	1
Graphs	1
IBM Cognos Planning	1
IBM Cognos TM1	1
IBM Planning Analytics	1
Лидерские качества	1
front-end разработка	1
Servicemix	1
Fuse	1
1С-Предприятие 8.3	1
ГИС ЖКХ	1
Programmer	1
наладчик станков с ПУ	1
программирование станков с ПУ	1
инженер-программист	1
Linq2Sql	1
Visual Studio Net	1
Webscoket	1
опыт программирования	1
nunjucks	1
NextJS	1
клиент-сервер	1
pl+	1
Электрические системы и слаботочные системы	1
1 С: Предприятие 8	1
SAP HANA	1
C/C++ Git Linux	1
Usability	1
*nix	1
GTK	1
TiaPortal	1
Python3	1
интеграция	1
Apache Cordova	1
Ionic Framework	1
RESTAPI	1
Vision	1
HDL	1
силовая электроника	1
open-source	1
Стандартная логика	1
Счетчики	1
Триггеры	1
Регистры	1
Таймеры	1
Skype	1
Articulate 360	1
Course Lab	1
C/C++, DSP, ARM, SoC, RTOS, QNX	1
KMongo	1
аналитик	1
разработчик	1
1С:Бит.Финанс	1
Бит.Финанс	1
Аналитик 1С	1
embedded software	1
firmware	1
разработка прошивок	1
Multithreding Programming	1
Телефонное интервью	1
PLINQ	1
Контроль дебиторской задолженности	1
1С ЗУП 2.5	1
1С ЗУП 3.1	1
1С Специалист	1
SAP MM	1
SAP FI	1
Урегулирование конфликтов	1
Системное программирование	1
SAP HR	1
TCP/UDP	1
REST APIs	1
Grids	1
windows kernel	1
winapi	1
x32	1
DDK	1
WDK	1
WinDbg	1
OllyDbg	1
vb.net	1
маркировка	1
OLAP	1
Report	1
MES	1
новая афина	1
*NIX	1
OpenWRT	1
FreeBSD	1
GNU Debugger	1
Haskell	1
Опыт с Continuous Delivery	1
Умение писать Unit/Integration Test	1
Integration Test	1
JVM profiling	1
database profiling	1
nanoCAD	1
Sanic	1
Aiohttp	1
Starlette	1
Angular 8+	1
D3	1
NGXS	1
Angular CLI	1
HighCharts	1
Laravt	1
Laravel 5.x	1
WebSphere Application Server	1
1С:Франчайзи	1
умение работать с большим объемом информации	1
плановый подход	1
принцип маршрутизации коммуникаций	1
Кадровое проектирование	1
нацеленность на результат	1
готовность к работе в режиме многозадачности	1
язык программирования С, С++	1
React & Redux	1
ФП	1
ExpressJS	1
Lambda	1
Имитационное моделирование	1
Алгоритмистика	1
пищевые технологии расчет сырья	1
Windows API	1
postgres	1
html/css	1
1C 8.3	1
системное администрирование	1
GCM	1
Material Guidelines	1
audio video codec	1
ECMAScript 6+	1
регулярные выражения	1
ethernet	1
робототехника	1
Базис Мебельщик	1
Управление продуктом	1
MS Dynamics AX	1
Hive	1
GitLab Api	1
прикладная математика и информатика	1
grpc	1
SAP R/3	1
Анализ себестоимости	1
Dry-System	1
Hanami	1
Bulma	1
Cucumber	1
Grasp	1
1С 8.2, 8.3	1
1С v.8	1
styled-components	1
x86	1
C/C++C++ООП	1
Android Framework	1
1. git опыт разработки проектов под управлением Jira или Redmine 2. опыт работы с ГИС «Панорама»	1
Docker/Lando	1
Статистика	1
EViews	1
Javascript(jQuery)	1
SSL/TLS	1
инсталляция	1
Техническая эксплуатация	1
Ввод в эксплуатацию	1
Web-программирование	1
Architecture	1
English skills	1
Mathematics	1
Tech lead	1
Apollo	1
erWin	1
Sping Framework	1
WebSeivices (SOAP)	1
WSDL/XSD	1
JBossFuse	1
Zookeeper	1
Apache Active MQ	1
Apache CXF	1
Apex	1
Работа на выставках	1
Node.js + Express	1
Unit testing (Mocha, Chai)	1
Oozie	1
Flume	1
Sqoop	1
R programming	1
stimulsoft	1
winDraw	1
Telecom	1
Continuous Delivery	1
HBase	1
Greenplum	1
Microsoft.Net	1
Microsoft .Net Framework 4.5	1
СУБД MSSQL	1
NuGET	1
Xilinx ISE	1
Vivado	1
Xilinx EDK	1
Xilinx SDK	1
ModelSim	1
Аккуатность вработе	1
Safety Commander	1
умение работать в команде	1
WebView	1
GraphDb	1
Docker CE	1
bi	1
React Redux	1
Oracle Application Express	1
Wildfly	1
JackRabbit	1
CPA	1
Browser API	1
mssql	1
WEB Api	1
TMS Systems	1
SQLAlhemy	1
embedded system	1
1C разработка	1
Контроль оформления документов	1
Контроль исполнения  решений	1
serverside	1
GIT, SVN, CVS,	1
HTTP, SNMP, NAT	1
L2-коммутации, динамической маршрутизации, QoS	1
Unix,Linux, RTOS ,RTEMS, VxWorks	1
ПО на C/C++	1
разработка ПО верхнего уровня для устройств беспроводного широкополосного доступа	1
проектирование архитектуры системы	1
модель OSI, L2-коммутация, динамическая маршрутизация,	1
CVS, SVN, Git	1
скриптовыми языками программирования (Python, Bash etc)	1
язык программирования Java	1
Eclipse IDE, знание языка SQL, СУБД	1
Грамотная устная и письменная речь	1
SAP BW	1
ES8	1
.NET CORE	1
KeyCloak	1
Debian GNU/Linux	1
Linux(posix)	1
Windows (WinAPI)	1
Qt4/Qt5	1
MySQL GUI Tools	1
Rxjava	1
HLSL	1
Знание Mobx или Redux	1
Отличное знание JavaScript	1
Umbraco	1
Customer orientation	1
Cloud Computing	1
GEOS	1
Proj4	1
QGIS	1
разработка мобильных игр	1
Team Leading	1
Entity Framework 6	1
ASP.NET MVC 5	1
.NET framework 4.6	1
c# 7.0	1
PON	1
Опыт работы с приложениями на платформе 1С;	1
Формирование технического задания для разработки	1
jest	1
SOAP/REST	1
педагогика	1
педагогика и методичка начального образования	1
педагогика и методика начального образования в рамках реализации ФГОС	1
программы ДПО по педагогике	1
Электрические аппараты, Электропривод, Электроснабжение, Радиотехнические специальности	1
AVX	1
WinApi	1
pthreads	1
DBUS	1
systemd	1
GStreamer	1
Keros	1
Компьютерное зрение	1
Cadence Sigrity	1
llvm	1
U-boot	1
MIPS	1
UART	1
SPI	1
Драйверы	1
Busybox	1
Встраиваемые решения	1
Atmel	1
Pthreads	1
Строительство	1
С #	1
posgresql	1
Linux/Unix	1
POSIX IPC	1
Проектирование модулей информационных систем	1
Проектирование структур данных	1
высокая обучаемость	1
RobotFramework	1
RTP	1
разработка ПО для ПЛК	1
разработка SCADA	1
Способности к межличностному деловому общению;	1
Организация и планирование рабочего времени;	1
Внимательность к мелочам;	1
Анализаторские способности, необходимые для нахождения вариантов решения проблемных ситуаций;	1
Проявление гибкости;	1
Работа с базами клиентов, в том числе с уровня их создания;	1
Преподавание немецкого языка	1
Учитель немецкого языка	1
Немецкий язык преподавание	1
Преподаватель немецкого языка	1
Обществознание	1
Преподавание обществознания	1
учитель обществознания	1
Методика преподавания обшествознания	1
Учитель истории	1
преподавание истории	1
История	1
Методика преподавания истории	1
Предмет История	1
Проектирование и методики реализации образовательного процесса по предмету "История" в основной и ср	1
1С:ITIL	1
1С:ERP	1
web-developer	1
React-redux	1
websphere	1
Диалоговые системы	1
Dialogue Systems	1
Регулярные выражения	1
RegExp	1
Лингвистика	1
People Management	1
CRUD	1
Структуры данных	1
GitLab CI	1
Spring Data	1
TestNG	1
Wiki	1
Уверенное владение HTML5, CSS3	1
Знание Angular, JavaScript, TypeScript	1
MVVP	1
openld	1
dapper	1
Simulink	1
синхронные электроприводы	1
Ассинхронные электроприводы	1
электропривод	1
силовые резисторы	1
Agile Scrum	1
MsSQL	1
верификация проектов ПО	1
Машинное обучение	1
Theano	1
DB2	1
Нейронные сети	1
высшее образование	1
senior .net developer	1
С++ Builder	1
paranoid android	1
модель OSI	1
протокол TCP/IP	1
JDK	1
OS Android	1
1С WebServices	1
Опыт разработки REST/SOAP сервисов	1
OpenGL ES	1
Qt Creator	1
CAM	1
CAE	1
knockout.js	1
less/sass	1
node/npm	1
requirejs	1
grunt/webpack	1
SmartTV	1
fintech	1
postcss	1
Программирование java	1
SSRS Report Builder	1
Planning Analytics	1
poi	1
PyTorc	1
pymystem3	1
Tomita parser	1
syntax net	1
NLP	1
VSTS	1
.NET C#	1
C# .NET	1
IDE	1
1С: УАТ	1
Система контроля верстки	1
Unit test	1
Социальная психология	1
allure	1
команда	1
DBLink	1
AQ	1
веб-анимация	1
Начинающий программист	1
Программист-стажер	1
ЗУП 8	1
БП 8	1
Программист	1
apache spark	1
Firebird	1
Jboss Fuse	1
Redhat OpenShift	1
HTTP REST	1
Run Loop	1
MRR	1
ARC	1
Доработка конфигурации 1C:ERP, ЗУП	1
разработка эксплуатационной документации для ПО	1
АСУ ТП турбоагрегатов	1
Front End	1
Animation	1
Наличие сертификатов 1С-специалист	1
Опыт работы в Компаниях 1С-франчайзи	1
.NET Core 2	1
PxSwift	1
Чтение технической документации	1
Typing	1
беспилот	1
серверные комп	1
ZooKeeper	1
Учитель технологии	1
Преподавание предмета технологии	1
Технология	1
Технология ФГОС	1
Дополнительное профессиональное образование	1
Преподаватель технологии	1
Учитель информатики	1
Преподавание предмета информатики	1
Технологии обучения информатики	1
Информатика	1
Методика преподавания информатики	1
MS Visual Studio 2015	1
Микросервисная архитектура	1
Теория и методика обучения русскому языку	1
Инновационные технологии обучения русскому языку	1
Современный русский язык	1
русский язык	1
русский язык ФГОС	1
Русский язык	1
Грамматика русского языка	1
Технология обучения русскому языку	1
Методика обучения русскому языку	1
Lotus Domino	1
web services	1
Внедрение профстандартов	1
Профстандарты	1
Оценка и аттестация персонала (профстандарты)	1
Оценка компетентности персонала	1
Подготовка к ЕГЭ по математике	1
Методика подготовки к ЕГЭ по математике	1
Эксперт ЕГЭ по математике	1
EcmaScript	1
Android API	1
AWT	1
Электротехнические работы	1
Jave- core	1
Apache Cassandra	1
Xdebug	1
Apache Solr	1
Bug Tracking Systems	1
Bug Reporting	1
AutoLayout	1
core	1
TvOS	1
AVFoundation	1
AVKit	1
WatchOS	1
программирование на 1С	1
начальные навыки программирования	1
программист 1С	1
Разработка 1С	1
Проекты	1
Spider Project	1
RS485 (Modbus RTU)	1
Ethernet (FTP, TCP/IP, Modbus/TCP)	1
Разработка программного обеспечения	1
TMS320F	1
Infineon C166	1
Modbus	1
Разработка программной документации	1
Modbus RTU	1
микросервисная архитектура	1
конвертирование данных	1
angular2+	1
OpenSCADA	1
АСУТП	1
ГОСТ 34-й группы	1
GlassFish	1
Chromium	1
Blink	1
Embedded development	1
dagger 2	1
rxJava 2	1
Правила складского учета	1
Знание стандартов и технических условий хранения ТМЦ	1
Договорная работа	1
Порядок учета, приемки, выдачи и списания ТМЦ	1
Управление складскими запасами	1
Управление складскими помещениями	1
Административно-хозяйственное обеспечение	1
Административно-хозяйственная деятельность	1
Qlikview	1
Informatica PC	1
Хранилище данных	1
Data Warehouse	1
Навыки программирования в системе 1С:Предприятие 8	1
Kotlin Coroutines	1
C #	1
Hyperledger fabric	1
PosgeSql	1
XP	1
Twitter Bootstrap	1
Dapper	1
Lightlnject	1
Json.NET	1
Nlog	1
AutoMapper	1
moment.js	1
AutoFixture	1
Облачные сервисы	1
Архитектурные решения	1
MacOS	1
Программирование микроконтроллеров, С/С++, AltiumDesigner, разработка схем, разводка печатных плат	1
C/C++LinuxTCP/IPARMSVN	1
Знание нозологии инвалидов и лиц ОВЗ	1
безбарьерная среда	1
основы реабилитации инвалидов	1
основы реабилитации лиц с ОВЗ	1
обслуживание инвалидов	1
обслуживание лиц с ОВЗ	1
Реабилитация	1
Правила организации безбарьерной среды	1
ассистент по оказанию технической помощи инвалидам	1
ассистент по оказанию технической помощи лицам с ОВЗ	1
Техническая помощь инвалидам и лицам с ОВЗ	1
Web Api	1
ThreeJS	1
PHP7, MySQL, Elasticsearch, Jquery, HTML, CSS, Git	1
Архитектор 1С	1
apache cordova	1
full stack	1
C ++	1
ERP 2.0	1
ARM/Cortex	1
Typerscript	1
BADI	1
User-Exit	1
SAP S/4HANA	1
Единичное производство	1
REST-ful API	1
Flask Framework	1
С++11/С++14	1
Bullet	1
PhysX	1
Oracle Designer	1
Программное обеспечение	1
Умение работать с большими объёмами информации	1
Jasmine	1
VB 6.0	1
ERP2.0, Документооборот	1
1С: Медицина	1
SignalR	1
MS IIS	1
Octopus Deploy	1
Graylog logging	1
Prometheus	1
знание REST архитектуры	1
JavaScript/TypeScript	1
Grand Central Dispatch	1
Single page application	1
windows	1
Линейная алгебра и аналитическая геометрия	1
Vulcan	1
DirectX12	1
DirectX11	1
Visualisation	1
PixelPerfect	1
Underscore	1
.NET (C#)	1
Графический интерфейс пользователя	1
Десктопные приложения	1
Mac	1
С++ 14/17	1
Белгород	1
Брянск	1
Старый Оскол	1
Волгоград	1
Калуга	1
Курск	1
Липецк	1
Тамбов	1
Саратов	1
Human Interface Guidelines	1
RTL Compiler	1
reactJS	1
ИБС	1
знание C/C++	1
знание Qt	1
работа с системами контроля версий	1
MySQL (Percona)	1
AMBA	1
AXI	1
ASIC	1
заказные ИС/СБИС	1
AHB	1
ACE	1
Си	1
ARM Cortex-Mx	1
MDaemon	1
Mdaemon Mail Server	1
компьютерные сети	1
сервера Windows	1
сетевое оборудование CISCO	1
сетевое оборудование HP	1
Grails	1
Struts	1
Cryptography	1
Криптография	1
Распределенные системы	1
distributed systems	1
CTI	1
EnterpriseArchitect	1
game development	1
C++ developer	1
Rendering	1
Obj-C	1
